,Card,Tags
29,Circle of Protection: Blue,[]
30,Circle of Protection: Green,[]
31,Circle of Protection: Red,[]
32,Circle of Protection: White,[]
75,Fire Elemental,[]
94,Gray Ogre,[]
102,Holy Strength,[]
113,Ironroot Treefolk,[]
164,Pearled Unicorn,[]
198,Scathe Zombies,[]
241,Unholy Strength,[]
260,Water Elemental,[]
273,Circle of Protection: Black,[]
362,Circle of Protection: Artifacts,[]
408,Staff of Zegon,[]
456,Barbary Apes,[]
482,Crimson Kobolds,[]
484,Crookshank Kobolds,[]
495,Divine Transformation,[]
549,Hell Swarm,[]
660,Shield Wall,[]
781,Goblin Hero,[]
798,Marsh Gas,[]
824,Scarwood Goblins,[]
889,Goblin Warrens,[]
909,Icatian Town,[]
1045,Forbidden Lore,[]
1212,Scaled Wurm,[]
1262,Tor Giant,[]
1341,Dwarven Trader,[]
1462,Helm of Obedience,[]
1463,Inheritance,[]
1464,Insidious Bookworms,[]
1581,Benthic Djinn,[]
1967,Ogre Enforcer,[]
2098,Gorilla Warrior,[]
2208,Aura of Silence,[]
2390,Circle of Protection: Shadow,[]
2494,Lowland Giant,[]
2552,Reflecting Pool,[]
2559,Rootwalla,[]
2633,Trained Armodon,[]
2709,Lab Rats,[]
2872,Plated Rootwalla,[]
2941,Barbtooth Wurm,[]
2943,Bear Cub,[]
2953,Dakmor Scorpion,[]
2963,Goblin Cavaliers,[]
2974,Golden Bear,[]
2991,Obsidian Giant,[]
2997,Plated Wurm,[]
3092,Coral Merfolk,[]
3106,Disciple of Grace,[]
3128,Faith Healer,[]
3202,Opal Gargoyle,[]
3212,Peregrine Drake,[]
3242,Rune of Protection: Artifacts,[]
3243,Rune of Protection: Black,[]
3244,Rune of Protection: Blue,[]
3245,Rune of Protection: Green,[]
3246,Rune of Protection: Lands,[]
3247,Rune of Protection: Red,[]
3248,Rune of Protection: White,[]
3347,About Face,[]
3387,Giant Cockroach,[]
3455,Snap,[]
3521,Forest Bear,[]
3534,"Kongming, ""Sleeping Dragon""",[]
3550,"Pang Tong, ""Young Phoenix""",[]
3575,Southern Elephant,[]
3589,Trained Jackal,[]
3690,Hulking Ogre,[]
3794,Silverback Ape,[]
3823,Boa Constrictor,[]
3909,Game Preserve,[]
4075,Tectonic Break,[]
4109,Wild Jhovall,[]
4356,Scoria Cat,[]
4370,Spur Grappler,[]
4541,Ordered Migration,[]
4614,Skittish Kavu,[]
4696,Wayfaring Giant,[]
4790,Planar Overlay,[]
5114,Gorilla Titan,[]
5175,Nantuko Disciple,[]
5648,Charging Slateback,[]
5956,Enormous Baloth,[]
6064,Astral Steel,[]
6128,Hunting Pack,[]
6201,Alpha Myr,[]
6318,Lumengrid Warden,[]
6355,Omega Myr,[]
6372,Raise the Alarm,[]
6458,Vulshok Gauntlets,[]
6674,Dross Crocodile,[]
6695,Goblin Brawler,[]
6726,Myr Quadropod,[]
6904,Kami of Old Stone,[]
6970,Order of the Sacred Bell,[]
6997,River Kaijin,[]
7065,Wandering Ones,[]
7074,Akki Raider,[]
7104,Frost Ogre,[]
7112,Gnarled Mass,[]
7147,"Mannichi, the Fevered Dream",[]
7208,Tendo Ice Bridge,[]
7653,Veteran Armorer,[]
7718,Ghost Warden,[]
7817,Streetbreaker Wurm,[]
8089,Krovikan Scoundrel,[]
8100,Martyr of Spores,[]
8228,Empty the Warrens,[]
8293,Living End,[]
8528,Merfolk Thaumaturgist,[]
8567,Saltfield Recluse,[]
8803,Axegrinder Giant,[]
9121,Indomitable Ancients,[]
9304,Gloomwidow,[]
9357,Merrow Grimeblotter,[]
9373,Old Ghastbark,[]
9461,Torpor Dust,[]
9716,Cylian Elf,[]
9723,Dragon Fodder,[]
9725,Dreg Reaver,[]
9763,Incurable Ogre,[]
9766,Jhessian Lookout,[]
9910,Canyon Minotaur,[]
9933,Exotic Orchard,[]
9942,Fusion Elemental,[]
9970,Matca Rioters,[]
9984,Parasitic Strix,[]
9998,Scattershot Archer,[]
10011,Spore Burst,[]
10022,Valiant Guard,[]
10082,Glory of Warfare,[]
10088,Grizzled Leotau,[]
10212,Elite Vanguard,[]
10250,Oakenform,[]
10260,Runeclaw Bear,[]
10265,Siege Mastodon,[]
10268,Silvercoat Lion,[]
10285,Warpath Ghoul,[]
10290,Zombie Goliath,[]
10324,Cobra Trap,[]
10390,Kraken Hatchling,[]
10430,Pillarfield Ox,[]
10460,Shatterskull Giant,[]
10504,Vastwood Gorger,[]
10549,Death's Shadow,[]
10552,Dread Statuary,[]
10555,Explore,[]
10560,Goblin Roughrider,[]
10587,Leatherback Baloth,[]
10617,Ruthless Cullblade,[]
10753,Jwari Scuttler,[]
10790,Nema Siltlurker,[]
10882,Armored Cancrix,[]
10887,Barony Vampire,[]
10889,Blood Tithe,[]
10936,Maritime Guard,[]
10943,Nether Horror,[]
10966,Stone Golem,[]
11092,Memnite,[]
11132,Razorfield Thresher,[]
11247,Hexplate Golem,[]
11263,Master's Call,[]
11279,Ogre Resister,[]
11559,Amphin Cutthroat,[]
11564,Armored Warhorse,[]
11571,Bonebreaker Giant,[]
11625,Rusted Sentinel,[]
11703,Darkthicket Wolf,[]
11730,Fortress Crab,[]
11763,Hysterical Blindness,[]
11774,Kindercatch,[]
11825,Riot Devils,[]
11828,Rotting Fensnake,[]
11831,Scourge of Geier Reach,[]
11888,Walking Corpse,[]
11911,Chant of the Skifsang,[]
11945,Gather the Townsfolk,[]
11969,Hollowhenge Beast,[]
12003,Russet Wolves,[]
12004,Sanctuary Cat,[]
12184,Nettle Swine,[]
12193,Raging Poltergeist,[]
12196,Renegade Demon,[]
12254,Vorstclaw,[]
12257,Wildwood Geist,[]
12365,Show of Valor,[]
12402,Aquus Steed,[]
12412,Axebane Stag,[]
12428,Catacomb Slug,[]
12437,Cobblebrute,[]
12481,Goblin Rally,[]
12573,Slime Molding,[]
12714,Gutter Skulk,[]
12786,Ruination Wurm,[]
12846,Wight of Precinct Six,[]
12853,Advent of the Wurm,[]
12857,Armored Wolf-Rider,[]
13042,Hive Stirrings,[]
13049,Kalonian Tusker,[]
13059,Minotaur Abomination,[]
13067,Regathan Firecat,[]
13070,Rumbling Baloth,[]
13096,Undead Minotaur,[]
13139,Borderland Minotaur,[]
13178,Felhide Minotaur,[]
13242,Pheres-Band Centaurs,[]
13275,Silent Artisan,[]
13301,Traveling Philosopher,[]
13304,Triton Shorethief,[]
13323,Yoked Ox,[]
13402,Cyclops of One-Eyed Pass,[]
13440,Great Hart,[]
13519,Swordwise Centaur,[]
13586,Flurry of Horns,[]
13635,Oreskos Swiftclaw,[]
13650,Revel of the Fallen God,[]
13656,Rotted Hulk,[]
13887,Witch's Familiar,[]
13906,Alpine Grizzly,[]
13981,Hordeling Outburst,[]
14066,Siegecraft,[]
14079,Summit Prowler,[]
14086,Take Up Arms,[]
14100,Tusked Colossodon,[]
14114,Wetland Sambar,[]
14228,Feral Krushok,[]
14241,Gore Swine,[]
14243,Great-Horn Krushok,[]
14344,Aerie Bowmasters,[]
14350,Ancient Carp,[]
14377,Colossodon Yearling,[]
14379,Conifer Strider,[]
14380,Contradict,[]
14381,Corpseweft,[]
14382,Crater Elemental,[]
14383,Cunning Breezedancer,[]
14517,Secure the Wastes,[]
14603,Chandra's Ignition,[]
14606,Clash of Wills,[]
14751,Whirler Rogue,[]
14790,Broodhunter Wurm,[]
14810,Dampening Pulse,[]
14842,Grovetender Druids,[]
14843,Gruesome Slaughter,[]
14844,Guardian of Tazeem,[]
14845,Guul Draz Overseer,[]
14846,Hagra Sharpshooter,[]
14866,Lavastep Raider,[]
15048,Allied Reinforcements,[]
15049,Ancient Crab,[]
15060,Canopy Gorger,[]
15262,Convicted Killer // Branded Howler,[]
15277,Devilthorn Fox,[]
15333,Hinterland Logger // Timber Shredder,[]
15338,Hulking Devil,[]
15416,Second Harvest,[]
15417,Senseless Rage,[]
15431,Solitary Hunter // One of the Pack,[]
15454,Thornhide Wolves,[]
15499,Bold Impaler,[]
15546,"Emrakul, the Promised End",[]
15553,Falkenrath Reaver,[]
15554,Field Creeper,[]
15571,Graf Rats,[]
15683,Wolfkin Bond,[]
15805,Cowl Prowler,[]
15808,Curio Vendor,[]
15874,Inventors' Fair,[]
15921,Prakhata Club Security,[]
15946,Servo Exhibition,[]
15964,Tasseled Dromedary,[]
15965,Terrain Elemental,[]
15966,Territorial Gorger,[]
15967,Terror of the Fairgrounds,[]
16082,Bastion Enforcer,[]
16152,Lathnu Sailback,[]
16175,Peacewalker Colossus,[]
16182,Prizefighter Construct,[]
16278,Colossapede,[]
16306,Dune Beetle,[]
16356,Hyena Pack,[]
16454,Those Who Serve,[]
16507,Champion of Wits,[]
16513,Crash Through,[]
16514,Crested Sunmare,[]
16517,Cunning Survivor,[]
16519,Dauntless Aven,[]
16520,Defiant Khenra,[]
16526,Desert's Hold,[]
16532,Dreamstealer,[]
16536,Dutiful Servants,[]
16544,Fraying Sanity,[]
16545,Frilled Sandwalla,[]
16557,Hashep Oasis,[]
16559,Hollow One,[]
16638,Striped Riverwinder,[]
16639,Struggle // Survive,[]
16640,Sunscourge Champion,[]
16641,Sunset Pyramid,[]
16642,Supreme Will,[]
16643,Survivors' Encampment,[]
16644,Swarm Intelligence,[]
16645,Tenacious Hunter,[]
16646,The Locust God,[]
16647,The Scarab God,[]
16648,The Scorpion God,[]
16649,Thorned Moloch,[]
16650,Torment of Hailfire,[]
16651,Torment of Scarabs,[]
16652,Torment of Venom,[]
16653,Tragic Lesson,[]
16654,Uncage the Menagerie,[]
16655,Unconventional Tactics,[]
16656,"Unesh, Criosphinx Sovereign",[]
16664,Wasp of the Bitter End,[]
16693,"Kess, Dissident Mage",[]
16727,Ancient Brontodon,[]
16802,Frenzied Raptor,[]
16803,Gilded Sentinel,[]
16812,Headwater Sentries,[]
16842,Looming Altisaur,[]
16869,Queen's Bay Soldier,[]
16876,Raptor Companion,[]
16991,Canal Monitor,[]
17011,Dusk Charger,[]
17068,Orazca Frillback,[]
17069,Orazca Raptor,[]
17109,Spire Winder,[]
17116,Sun-Collared Raptor,[]
17119,Swab Goblin,[]
17174,Cabal Evangel,[]
17259,Knight of New Benalia,[]
17294,Primordial Wurm,[]
17305,Saproling Migration,[]
17350,Tolarian Scholar,[]
17466,Armored Whirl Turtle,[]
17476,Ferocious Zheng,[]
17478,Hardened-Scale Armor,[]
17482,Leopard-Spotted Jiao,[]
17495,Aegis of the Heavens,[]
17515,Bogstomper,[]
17556,Gigantosaurus,[]
17577,Knight's Pledge,[]
17794,Douser of Lights,[]
17805,Fearless Halberdier,[]
17964,Wild Ceratok,[]
17965,Wishcoin Crab,[]
17987,Axebane Beast,[]
18052,Feral Maaka,[]
18122,Prowling Caracal,[]
18171,Slimebind,[]
18200,Tin Street Dodger,[]
18308,Goblin Assailant,[]
18331,Ironclad Krovod,[]
18593,Recruit the Worthy,[]
18647,Trumpeting Herd,[]
18717,Colossus Hammer,[]
18722,Dark Remedy,[]
18758,Imperial Outrider,[]
19231,Eidolon of Inspiration,[]
19333,Phalanx Tactics,[]
19450,Flawless Maneuver,[]
19499,Aegis Turtle,[]
19747,Basri Ket,[]
19938,Release the Dogs,[]
20040,Highborn Vampire,[]
20090,Murasa Brute,[]
20206,Windrider Wizard,[]
20441,Clarion Spirit,[]
20442,Cleaving Reaper,[]
20443,Codespell Cleric,[]
20444,Colossal Plow,[]
20445,"Cosima, God of the Voyage // The Omenkeel",[]
20471,Dwarven Reinforcements,[]
20620,"Sigrid, God-Favored",[]
20622,Skemfar Elderhall,[]
20624,Skull Raid,[]
20626,Snakeskin Veil,[]
20668,Vengeful Reaper,[]
20717,Inkshield,[]
20731,Pest Infestation,[]
20766,Ageless Guardian,[]
20808,Curate,[]
20817,"Dina, Soul Steeper",[]
20825,Dueling Coach,[]
20826,Eager First-Year,[]
20827,Ecological Appreciation,[]
20828,Efreet Flamepainter,[]
20829,Elemental Expressionist,[]
20900,Magma Opus,[]
20985,Spined Karok,[]
21023,Verdant Mastery,[]
21038,Aeromoeba,[]
21061,Bone Shards,[]
21074,Carth the Lion,[]
21075,"Chatterfang, Squirrel General",[]
21076,Chatterstorm,[]
21085,Damn,[]
21089,Dermotaxi,[]
21094,Dragon's Rage Channeler,[]
21095,Dress Down,[]
21112,Flay Essence,[]
21136,Goldmire Bridge,[]
21139,Grief,[]
21151,Junk Winder,[]
21154,Kitchen Imp,[]
21160,Lens Flare,[]
21166,Lucid Dreams,[]
21170,Mental Journey,[]
21173,Moderation,[]
21179,Necrogoyf,[]
21192,"Piru, the Volatile",[]
21197,Prophetic Titan,[]
21210,Road // Ruin,[]
21216,Scion of Draco,[]
21218,Scurry Oak,[]
21220,Search the Premises,[]
21225,Skophos Reaver,[]
21228,Slagwoods Bridge,[]
21231,Solitude,[]
21241,Step Through,[]
21242,Storm God's Oracle,[]
21245,Sudden Edict,[]
21252,Tanglepool Bridge,[]
21259,Thought Monitor,[]
21264,Timeless Witness,[]
21265,Tireless Provisioner,[]
21271,Unbounded Potential,[]
21273,Unholy Heat,[]
21287,"Yavimaya, Cradle of Growth",[]
21293,Acererak the Archlich,[]
21304,Bar the Gate,[]
21307,Blink Dog,[]
21311,Bruenor Battlehammer,[]
21312,Bulette,[]
21328,Critical Hit,[]
21333,"Delina, Wild Mage",[]
21340,Dire Wolf Prowler,[]
21347,Drider,[]
21358,Ellywick Tumblestrum,[]
21401,Hulking Bugbear,[]
21420,Loathsome Troll,[]
21421,"Lolth, Spider Queen",[]
21422,Long Rest,[]
21440,Ochre Jelly,[]
21445,Owlbear,[]
21504,Tiamat,[]
21708,Gavony Trapper,[]
21817,Snarling Wolf,[]
21857,Winterthorn Blessing,[]
21924,Boarded Window,[]
22058,Olivia's Attendants,[]
22107,Stitched Assistant,[]
22118,Twinblade Geist // Twinblade Invocation,[]
22210,Myojin of Roaring Blades,[]
22224,Unquenchable Fury,[]
22229,Akki War Paint,[]
22243,Bearer of Memory,[]
22283,Enormous Energy Blade,[]
22551,"Henzie ""Toolbox"" Torre",[]
22892,Baldur's Gate,[]
23055,Lurking Green Dragon,[]
23060,Marut,[]
23065,"Minsc & Boo, Timeless Heroes",[]
23068,Mocking Doppelganger,[]
23081,Nautiloid Ship,[]
23082,Navigation Orb,[]
23083,"Neera, Wild Mage",[]
23084,Nefarious Imp,[]
23087,Nimblewright Schematic,[]
23088,Nine-Fingers Keene,[]
23091,Nothic,[]
23093,"Oji, the Exquisite Blade",[]
23318,Evolved Sleeper,[]
23383,Nishoba Brawler,[]
23453,Territorial Maro,[]
23791,Mass Production,[]
23917,Warlord's Elite,[]
24660,Tranquil Frillback,[]
24784,Haradrim Spearmaster,[]
24786,Hew the Entwood,[]
24798,King of the Oathbreakers,[]
24913,Swarming of Moria,[]
25194,Hylda's Crown of Winter,[]
25958,Auspicious Arrival,[]
26199,Vein Ripper,[]
26223,Dimir Strandcatcher,[]
26249,Sumala Rumblers,[]
26392,Vault 101: Birthday Party,[]
26393,Vault 112: Sadistic Simulation,[]
26394,Vault 11: Voter's Dilemma,[]
26395,Vault 12: The Necropolis,[]
26396,Vault 13: Dweller's Journey,[]
26397,Vault 21: House Gambit,[]
26398,Vault 75: Middle School,[]
26399,Vault 87: Forced Evolution,[]
26460,"Loot, the Key to Everything",[]
26462,Lotus Ring,[]
26543,"Ertha Jo, Frontier Mentor",[]
26599,"Lazav, Familiar Stranger",[]
26602,Loan Shark,[]
26614,Metamorphic Blast,[]
26671,Ruthless Lawbringer,[]
26809,"Arna Kenner√ºd, Skycaptain",[]
26960,"Ral, Monsoon Mage // Ral, Leyline Prodigy",[]
27017,Thriving Skyclaw,[]
27113,Layla Hassan,[]
27136,"Shaun & Rebecca, Agents",[]
27137,Shay Cormac,[]
27140,"Sokrates, Athenian Teacher",[]
27258,Hop to It,[]
27267,Jolly Gerbils,[]
27268,Junkblade Bruiser,[]
27269,"Kastral, the Windcrested",[]
27270,Keen-Eyed Curator,[]
27271,Kindlespark Duo,[]
27342,Season of Gathering,[]
27343,Season of Loss,[]
27344,Season of the Bold,[]
27345,Season of the Burrow,[]
27346,Season of Weaving,[]
